id,sequence,source
Cand_001,EVQLLESFGGLVQPGVSLRLSNAASGFTFSHYVMAWYRQAPGKGLEWVSSISSSGGLTLYADSVKGRFTISRNNSKWTLYLQMNSLRAEDTAVYYSTRGLKYATIADYWGQGTLVTVLS,stress_variant
Cand_002,EVQLVESGGGLVKPGGSLRLSCAASGFSFSNNDVMCWVRQAPGKGLEWIGCIMTTDVVTEYANWAKSRFTVSRDSAKNSVYLQMNSLRAEDTAVYFCARDSVGSPLMSFDLWGPGTLVTVSS,public_therasabdab
Cand_003,QVQLVMSGAEVKKPGSLVNVSCKASRGPFSTYAISWVRQLPGQGLEAMGRIIPILQIANYAQKFQGRVTIMADKWTSTAYMELSSLRSEDTAVYYCARTMETYGFGNFDYIGQGTWVTVQS,stress_variant
Cand_004,EVQLQESGGGVVQPGGSLRLSCAASGFTFSNYGMHWIRQAPGKGLEWVSYISSGSSTIYYADSVKGRFTISRDNSKNTLYLQMNSLRSEDTAVYYCARRGLLLDYWGQGTLVTVSS,public_therasabdab
Cand_005,QVQLQQSGAEVVKPGASVKVSCKASGYSFTDYNMYWVRQAPGQGLEWMGYIDPYKGGTIYNQKFQGRATLTRDTSISTAYMELSRLRSDDTAVYYCAREMITAYYFDYWGQGSSVTVSS,public_therasabdab
Cand_006,EVQLLESGGGLVQPGGSLRLSCAASGIDLSTYAMGWVRQAPGKGLEWVGLIHRSGRTYYATWAKGRFTISKDSSKNTLYLQMNSLRAEDTAVYYCTRSYPDYSATASIWGQGTTVTVSS,public_therasabdab
Cand_007,QVQLVESGGGLVQPGGSLRLSCAASGFTFRSYAMSWVRQAPGKGLEWVSAISGRGDNTYYADSVKGRFTISRDNSKNTLYLQMNSLRAEDTAVYYCAKMTSNAFAFDYWGQGTLVTVSS,public_therasabdab
Cand_008,QVQLKESGPGLVAPSQSLSITCTVSGFSLTDYGVRWIRQNPGAGWLWLGVIWGGASTYYNYALKSRLMISFDNSMSQVFLKMNSMQTDDTAMYYCTKEKRRGYYYAMDYWGQGTSVTVSS,stress_variant
Cand_009,QVQLVQSGAEVKKPGSSVKVSCKASRGPFSTYAISWVRQAPGQGLEWMGRIIPILGIANYAQKFQGRVTITADKSTSTAYMELSSLRSEDTAVYYCARTMEGYGFGNFDYWGQGTLVTVSS,public_therasabdab
Cand_010,EVQLVESGGGLVQPGGSLRLSCAASGYDFTHYGMNWVRQAPGKGLEWVGWINTYTGEPTYAADFKRRFTFSLDTSKSTAYLQMNSLRAEDTAVYYCAKYPYYYGTSHWYFDVWGQGTLVTVSS,public_therasabdab
Cand_011,EVQLVESGGGLVQPGGSLRLSCAASGFTFSDYGMHWVRQAPGKGLEWVAYISSGSYTIYSADSVKGRFTISRDNAKNSLYLQMNSLRAEDTAVYYCARRAPNSFYEYYFDYWGQGTTVTVSS,public_therasabdab
Cand_012,QVQLVQSGAEVKKPGASVKVSCKASGYTFTSYNMHWVRQAPGQGLEWMGVIYSGNGDTSYNQKFKGRVTITADKSTSTAYMELSSLRSEDTAVYYCARERDTRFGNWGQGTLVTVSS,public_therasabdab
Cand_013,QVQLVQSGAEVKKPGSSVKVSCKASGNTFSSNVISWTRYAPIQGLEWMGGVIPIVWQANMAQRFKGRVTITADETTSTTYMELMSLMSEDTAVYYCASTLMLVLDAMDYWGQGTLVTVSS,stress_variant
Cand_014,EVQLVESGGGLVQPGGSLRLSCAASGFTFSSYWMYWVRQAPGKGLEWVAAITPNAGEDYYPESVKGRFTISRDNAKNSLYLQMNSLRAEDTAVYYCARGQYYYTKYSLGYWGQGTLVTVSS,public_therasabdab
Cand_015,QVQLNFSGAEVKVPGASVKVSCKASGYTFTSYNMHWVRQNPGQGLELMGVIYSGNGNTSYNQKFKGRVTITADKQTSTAYFENSSLRSEDTAVTYCARERQTRFGNWGQGTLVTVLS,stress_variant
Cand_016,EVQLLESGGGLVQPGGSLRLSCAASGFTFSDNAMGWVRQAPGKGLEWVSAISGPGSSTYYADSVKGRFTISRDNSKNTLYLQMNSLRAEDTAVYYCAKVLGWFDYWGQGTLVTVSS,public_therasabdab
Cand_017,QVQYVQSGAEVKKPGASVKVSCKASGYTATHYNMSWVRQAPGQMLEWIGFIIPSNVGTGYNQYFKSRVTMTVDKSTSTAYMELSSWQSEDTAAYYCARGAYHVGSSYAYWYFDVWGQGTTVTVSS,stress_variant
Cand_018,EVMIVSSGFGLVQPGGSLRLSCAASVYSISSFYHWSWIRQAPGKTLEWLARIDWDDDKYYSTSLKSRLTISRDNSKNTLYLQLMSLRAEDTAVYYCTRSTVYFDYWGMGTLVTVSS,stress_variant
Cand_019,EVQLVESGGGLVQPGGSLRLSCAASGFTFSSYSMNWVRQAPGKGLEWVSYISSSSSTIYYADSVKGRFTISRDNAKNSLYLQMNSLRAEDTAVYYCARGGHGYFDLWGRGTLVTVSS,public_therasabdab
Cand_020,QVQLVQSGAEVKKPGASVKVSCKASGYTFTGYYMHWVRQAPGQGLEWMGWINPNSGGTNYAQKFQGRVTMTRDTSISTAYMELSRLRSDDTAVYYCARSPNPYYYDSSGYYYPGAFDIWGQGTMVTVSS,public_therasabdab
Cand_021,QLQLQESGPGLVKPSETLSLTCTVSGGSIYSESYYWGWIRQPPGKGLEWIGSIVYSGYTYYNPSLKSRVTISVDTSKNQFSLKLSSVTAADTAVYYCARVRTWDAAFDIWGQGTMVTVSS,public_therasabdab
Cand_022,EVQYLTSGGGLVIPGGSLRLSTAASGFNFGYSYMSWVRFAPGKGLEWVSSIGSTSSQTYYADSVKGRFTISRDNSKNTLYLWMNSLRALDMAVYYCAAVYSSPGIDYWGQGLLVTASS,stress_variant
Cand_023,EVQLVESGGGLVQPGGSLRLSCAASGFDFSRYWMSWVRQAPGKGLEWIGEINPDSSTINYAPSLKDKFIISRDNAKNSLYLQMNSLRAEDTAVYYCARPDGNYWYFDVWGQGTLVTVSS,public_therasabdab
Cand_024,EVQLVQSGAEVKKPGESLKISCKGSGYSFTGYNMNWVRQMPGKGLEWMGNIDPYYGGTTYNRKFKGQVTISADKSISTAYLQWSSLKASDTAMYYCARSVGPFDSWGQGTLVTVSS,public_therasabdab
Cand_025,QVQLVQSGAEVKKVFSSVKNSCKASGLTFSSEGFYWVRQAPGQGLEWMGSILPIFGTANYAQKFQGRVTILADESTSIAYMELSSLRSEDTWVYYSAREAGYYRYRYFDLWGRATLVTVSS,stress_variant
Cand_026,EVQLVQSGGGLVKPGGSLRLSCAASGFTFSSFAMHWVRQAPGKGLEWISVIDTRGATYYADSVKGRFTISRDNAKNSLYLQMNSLRAEDTAVYYCARLGNFYYGMDVWGQGTTVTVSS,public_therasabdab
Cand_027,QVQLVQSGAEVKKPGASVKVSCKASGYAFTGYTIHWVRQAPGQRLEWMGWFYPGSGTLKYSEKFQGRVTITRDKSLSTAYMELSSLRSEDTAVYYCARHGTGTLMAMDYWGQGTLVTVSS,public_therasabdab
Cand_028,QVQLVEFGGGLVKPGGSLRLSCAVSGFTLSDYYMAWNRQLPGKGLMWVSTISASVLRTYYPDSVKGRFTISRDNAKWSLYLQMNSIRAEDTANYYCFRPLSAHYGFNYFDYYGQGTLSTVWS,stress_variant
Cand_029,QVQLVQSGAEVKKPGSSVKVSCKASGGTFSSEGISWVRQAPGQGLEWMGSILPIFGTANYAQKFQGRVTITADESTSTAYMELSSLRSEDTAVYYCAREAGYYRYRYFDLWGRGTLVTVSS,public_therasabdab
Cand_030,VVQLVVSGGGLVQPGGSLRLSCAASGFTFSSYNMNWVRQAPGKGLEWVSTISSSSMTIYYADSVKGTFAISRDWAKNSLYLQMNSLRAEDFAVYYCARGGHGYNDLWGRGTLVTVIS,stress_variant
Cand_031,EVQLVESGGGLVQPGGSLRLSCAASGFTFSSYAMSWVRQAPGKGLEWVSQISPAGGYTNYADSVKGRFTISADTSKNTAYLQMNSLRAEDTAVYYCARGELPYYRMSKVMDVWGQGTLVTVSS,public_therasabdab
Cand_032,QVKLQQSGAELVGSGASVKLSCTTSGFNIKDFYMHWVKQRPEQGLEWIGWIDPENGDSDYAPKFQGKATMTADSSSNTAYLQLSSLTSEDTAVYYCNAYYGDYEGYWGQGTTVTVSS,public_therasabdab
Cand_033,EVQLLESGGGLVQPGLILRLSCAASGMTFSSYAMNWTRQAPGKGLEWVSAISGSGTFTYYADMVKGRFTIVRDNSKNTLYLQMNSLRAEYTAVYYCARVRYNWNHGDWFDPWFQGTLVIVSS,stress_variant
Cand_034,EVQLLESGGGLVQPGGSLRLSCAASGFNFGYSYMSWVRQAPGKGLEWVSSIGSTSSHTYYADSVKGRFTISRDNSKNTLYLQMNSLRAEDTAVYYCARVYSSPGIDYWGQGTLVTVSS,public_therasabdab
Cand_035,EVQLVESGAGLVQPGGSLRLSCAASGSTFVSYWMYWVRQAPGIGLEWVAAITPNAGEDYYPESVKGRFTISRDNAWNSLYLQMNSLRAEDTAVYYCANGWYYYTAYLLGYWAQGTLVTVSS,stress_variant
Cand_036,QVQLVQSGAEVKKPGASVKVSCKASGYTFTDSEMHWVRQATGQGLEWMGAIQPETGGTAYNQKFKARVTMTRDTSISTAYMELSSLRSEDTAVYYCARRRRNFDYWGQGTLVTVSS,public_therasabdab
Cand_037,QVQLVQMYAEVKTPGASVKVSCKASGYTFTDYEMHWVRQAPGQLLEWMGALVPKTGDTAMSQKFKGRVTLTADKSTSTAYMEAISLISEDTAVLYCTRFYSYVYWGQGTLYTVSS,stress_variant
Cand_038,QVQLVQSGVEVKKPGYSVKVSCKASGYTTTDYEMHWVRQATGQVLEWAGAIQPETGATAYNQKFKAFVTMTRDTSISTAYMELASMRSEDTAVYYCARRRRNFDYWGQGTLVTVSI,stress_variant
Cand_039,QVQLQQWGAGLLKPSETLSLACTVYGGSFSGYYWNWIRQPPGKGLEWIGEINHSGSTSYNPSLKSRVTISVDTSKNQFSLKLSSVTAADTAVYYCARVLYNWNVDSWGQGTLVTVSS,public_therasabdab
Cand_040,QVQLVQSGAEVKKPGASVKVSCKASGYTFTHYNMDWVRQAPGQGLEWIGYIYPSNGGTGYNQKFKSRVTMTVDKSTSTAYMELSSLRSEDTAVYYCARGAYHYGSSYAYWYFDVWGQGTTVTVSS,public_therasabdab
Cand_041,QVQLVESGGGLVKPGGSLRLSCAASGRTFSSYAMGWFRQAPGKEREFVSAISGSGGSTYYADSVKGRFTISRDNAKNSLYLQMNSLRAEDTAVYYCAADLGDGSWVDYVNAEPYEYDYWGQGTLVTVSS,public_therasabdab
Cand_042,QVQLQQSGAEVKKPGSSVRVSCKASGGTFNNNAINWVRQAPGQGLEWMGGIIPMFGTAKYSQNFQGRVAITADESTGTASMELSSLRSEDTAVYYCARSRDLLLFPHHALSPWGRGTMVTVSS,public_therasabdab
Cand_043,QVQLQESGPGLVKPSETLSITCTVSGFSLTGYGIYWVRQPPGKGLEWLGMIWGDGRTDYNSALKSRVTISKDNSKSQVSLKLSSVTAADTARYYCARDYYGSKDYWGQGTTVTVSS,public_therasabdab
Cand_044,QVQLQQWGAGLLMPWETLSLACTVYGGQFSGYYWNWIRQPPGKGLEWIGEINHSGSTSYNPSLKSRVTISNDTSKNQFSLKLSYVTAADIAVSYCARVIYNYNVDSWGQNWLITVSS,stress_variant
Cand_045,EVQLVESGGGSVQPGESLRLSCVASGFTFSRYKMNWVRQAPGKGLEWVSYISRSGRDIYYADSVKGRFTISRDNAKNSLYLQMNSLRDEDTAVYYCAGTVTTYYYDFGMDVWGQGTTVTVSS,public_therasabdab
Cand_046,EVQLVETGGGLIQPGGSLRLSCAASGFTFSFYAMSWVRQAPGKGLEWVSAISGSGGSTYYADSVKGRFTISRDNSKNTLYLQMNSLRAEDTAVYYCARTIHGIRAAYDAFIIWGQGTLVTVSS,public_therasabdab
Cand_047,EFQLVESGAEVKKAGSSVKVSCKASGGTFSSYAISWVRQAPGQVLEWMGGIIPIFGYANYTQIFQGRVTITADMSTSTAYMALSSLRSEDTAVYYCIRAPYYYYYMDVWGQYTTVTVSS,stress_variant
Cand_048,EVQLLESGGGLVQPGGSLRLSCAASGFTFSSYAMSWVRQAPGKGLEWVSAISGSGTSTYYADSVKGRFTISRDNSKNTLYLQMNSLRAEDTAVYYCARVRYNWNHGDWFDPWGQGTLVTVSS,public_therasabdab
Cand_049,EVQLVESGGGLVQPGGSLRLSCAASGFTFSPFAMMWVRQAPVKGLEWVQKISPGGSWTYASDTVTDRFTFSLDTSKSTAYLYMNSLRQYDTAVYYCARQAWGYYALDLWGQGTLVTVSW,stress_variant
Cand_050,QVQLVQSGAEVKKPGSSVKVSCKASGYTFSSNVISWVRQAPGQGLEWMGGVIPIVDIANYAQRFKGRVTITADESTSTTYMELSSLRSEDTAVYYCASTLGLVLDAMDYWGQGTLVTVSS,public_therasabdab
Cand_051,EVQLVESGGGLVKPGDSLTVSCVASGFTFSNYFIHWVRQAPGKGLEWVATISGRTKYMFYSDSLRGRFTVSRDNAQNSVYLHMSSLRGEDTALYYCVRGYDHSDSNSAADLLHWGRGTLVTVSS,public_therasabdab
Cand_052,QVQLVESGGGVVQPGRSLRLSCAASGFTFSSYDMHWVRQAPGKGLEWVAVIWYDGSNKYYADSVKGRFTISRDNSKNTLYLQMNSLRAEDTAVYYCARGSGNWGFFDYWGQGTLVTVSS,public_therasabdab
Cand_053,EVQLVESGGGLVQPGGSLRLSCAASGYSISSGYHWSWIRQAPGKGLEWLARIDWDDDKYYSTSLKSRLTISRDNSKNTLYLQLNSLRAEDTAVYYCARSYVYFDYWGQGTLVTVSS,public_therasabdab
Cand_054,EVQLLESGGGLVQPGGSLRLSCAASGFTFSTYGMHWVRQAPGKGLEWLSYISGGSSYIFYADSVRGRFTISRDNSENALYLQMNSLRAEDTAVYYCARILRGGSGMDLWGQGTLVTVSS,public_therasabdab
Cand_055,EVQLVQSGAEVKKPGASVKVSCKASGYTFTSYVIHWVRQRPGQGLAWMGYINPYNDGTKYNERFKGKVTITSDRSTSTVYMELSSLRSEDTAVYLCGREGIRYYGLLGDYWGQGTLVTVSS,public_therasabdab
Cand_056,EVQLVESGGGLVQVGFSLRLSCAASGFTFSDYGMHWVRVAPGKGLEWVAYISSGSYTIYSADSVKGRFTISRFNAKQSLYLQMNSLRWESTAVYYCARWAMQSQYEYYSDYWGQGTTVTVSS,stress_variant
Cand_057,QVQLVQSGAEVKKPGASVKVSCKASGYTFTDYEMHWVRQAPGQGLEWMGALDPKTGDTAYSQKFKGRVTLTADKSTSTAYMELSSLTSEDTAVYYCTRFYSYTYWGQGTLVTVSS,public_therasabdab
Cand_058,EVQLLESGGGLVQPGGSLRYLCAASIFTFSDNAMGWVRQAPGKGLEWTSAISGPGSSTYYADSVNGRQTVSRDNSKNMLYLIMNSLRAEDTAVYYCAYVMGWFDYWGWGTLVTVSS,stress_variant
Cand_059,QVQLVESGGGLVKPGGSLRLSCAVSGFTLSDYYMAWIRQAPGKGLEWVSTISASGLRTYYPDSVKGRFTISRDNAKNSLYLQMNSLRAEDTAVYYCARPLSAHYGFNYFDYWGQGTLVTVSS,public_therasabdab
Cand_060,QVQLVQSGAQVKKPGASVKLSCKASTYTFISYTIYWVKVAPGQGFEWIGGINPRYGVTNFNEKFKSRATLTVDTSFSTAYMALSRLRSNDTAVYYCTRHGNGVYWGQGMTLTVSS,stress_variant
Cand_061,EVQLVESGGGLVQPGGSLRLSCAASGFTFISYAMSWVRQAPGKGLEWVASISSGGNTYYPDSVKGRFTISRDNAKNSLYLQMNSLRAEDTAVYYCARLDGYYFGFAYWGQGTLVTVSS,public_therasabdab
Cand_062,EVILLESGGGLVQPWGSLRLSWAASGIDLSTYAMGWVVQAPMKGLEWVGLILRVGRTYLATWAKGRFTISKDSSKNTLYLQINSLRAEDTNVYYCTRSYPDYLATASIWGQGTTVTVSS,stress_variant
Cand_063,QVQLVQSGAEVKKPGSSVKVSCKASGYTFTDAYINWVRQAPGQGLEWMGWIWPGPVITYYNPKFKGRVTITADKSTSTAYMELSSLRSEDTAVYYCARREVLSPFAYWGQGTTVTVSS,public_therasabdab
Cand_064,QIQLVQSGAEVKKPGASVKVSCKASGYTFTDDYMSWVKQAPGQGLEWIGDINPYNGDTNYNQKFKGKATLTVDKSTSTAYMELSSLRSEDTAVYYCARDPGAMDYWGQGTLVTVSS,public_therasabdab
Cand_065,QVELVESGGGVVQPGRSQRLSCAASGFTFSSYGMHWVRQAPGKGLEWVAIIWFDGSSTYYADSVRGRFTISRDNSKNTLYLQMNSLRAEDTAVYFCARELGRRYFDLWGRGTLVSVSS,public_therasabdab
Cand_066,QVQLQESGPGLVKPSETLSNTCTVSGFSLTGYGMYWYRQPPGKGLEWLGMIWGDLRTDSNSAQKSRVTISKMNSKSQVSLKLSSMTAADIAAYICARDYYASKDYWGQGTTVTVSS,stress_variant
Cand_067,QVQLVQSGAEVKKPGSSVKVSCKASGGTFSNYAISWVRQAPGQGLEWMGRIIPILGIANYAQKFQGRVTITADKSTSTAYMELSSLRSEDTAVYYCARGYYEARHYYYYYAMDVWGQGTAVTVSS,public_therasabdab
Cand_068,EVQLVQSGAEVKKPGASVKVSCKASGMTFTYYVIHWVRIRWGQGLAWMGYNNPYNDGTTYNERFKGKVTITSDRSTSTVYMENSSLRSEDTIVYLCGREGIRYYGLLGDYWGQGTLVTVIS,stress_variant
Cand_069,EVQLLSSGGGTVQPGWSLRLSCAASGFTFSSYAISWVRQAPGKGLEWVSAISGSGGSTYYADSVKGRFNIMRDNSKNWLYLQMNSLRAEDTAVIYCAILGATSMSAFDIWGQGTMVTVFS,stress_variant
Cand_070,QVQVVQSGSELYKPGASVTVSCKASSYIFTDYNMNWVRQAPGQSLEWMGIIWPKYGTTSYAQKLQGRSTLTTYTSTSTAYMNLRWLRSDDTAVYAMATDGGTWYFDVWGTGTTVTVSS,stress_variant
Cand_071,EVQLVETGGGLMQPGGSLRLSCAASGFTFSFVAMSFVRQAPGKGLEWVSAISGSGGSMYQADSVKGRFTISRANSKNTMYLQMNSMRAEDTAVYYCMRTIHGIRAAADAFIIFGQGTLVWVSS,stress_variant
Cand_072,QMQLVESGGGVVQPGRSLRLSCAASGFTFRTYGMHWVRQAPGKGLEWVAVIWYDGSNKHYADSVKGRFTITRDNSKNTLNLQMNSLRAEDTAVYYCARAPQWELVHEAFDIWGQGTMVTVSS,public_therasabdab
Cand_073,QVQLVQSGAEVEKPGASVKVSCKASGYTFTSYWITWVRQAPGQGLEWMGDIYPGSGNTNYNEKFKTRVTITADKSTSTAYMELSSLRSEDTAVYYCAKEGGLTTEDYALDYWGQGTLVTVSS,public_therasabdab
Cand_074,QLQLQESGPGLVKPSETLTLTCTVSADSISSTTYYWVWIRQPPGKGLEWIGSISYSGSTYYNPSLKSRVTVSVDTSKNQFSLKLNSVAATDTALYYCARHLGYNGRYLPFDYWGQGTLVTVSS,public_therasabdab
Cand_075,EVQLLWSVGGLVQPGGSLRLSCAASGFTASTYGMHWFRQMPGKGLEWLSYYSGGSSYIFYADAVRGRVTISRDNSNWALYLQMNSVTAEDTAVYYCARILRGGSGMDLWGQGTLVTVSS,stress_variant
Cand_076,QVQLVQSGPEVKKPGASVKVSCKASGYTFTDYAVHWVRQAPGKRLEWIGVISTYNDYTYNNQDFKGRVTMTRDTSASTAYMELSRLRSEDTAVYYCARGNSYFYALDYWGQGTSVTVSS,public_therasabdab
Cand_077,EVQLVQSGGVLVKPGGSLRLSCAASGFTFSLFAMQSARQAVGWGLEWISVIDTRGAWYYADSVKGRFTIMRDNAKNSLYLLMNSLRAEDTAVYYCARLGNFYYGMDVWGQGTTVVVSS,stress_variant
Cand_078,QVQLVQSGAEVAKPGASVKLSCKASGYTFTSYWMQWVKQRPGQGLECIGTIYPGDGDTTYTQKFQGKATLTADKSSSTAYMQLSSLRSEDSAVYYCARYDAPGYAMDYWGQGTLVTVSS,public_therasabdab
Cand_079,QVQLQFSGAEVKKYGSSVRVSCKASGGTQNNNAINWVRQAPGQGLEWMGGIIPMFGTQKYSQNFQFRVAITADESAGTLSMELSSLRSEDTAVNYCARSRFLLLFPHHALSPWGRGVMVTVIS,stress_variant
Cand_080,EVQLVQSGAEVKKPGESLKISCKGSGYTFTSYGLSWVRQMPGKGLEWMGEIYPGSGNTYYNEKFKGQVTISADKSISTAYLQWSSLKASDTAMYYCARYDYLGSSYGFDYWGAGTTVTVSS,public_therasabdab
Cand_081,QVQLVENGGGVAQPVRSLRALCAASGFTFSSYDMHWVRQAPGKGLEWVAVIWYDGSNKYYADSYKIRFTISRDNSKNTLYFQMNSLRFEDTAVYYCSRGSGIWGFFDYWGNGTLVTVSS,stress_variant
Cand_082,EVQLVESGGGLSKYGDSLTVSCVASGFTFSNYFIHWVRQAPQSGIEWVATISVRTKYMFYWDQLRGRFTVSRDNAQNSVYLVMSSMRGEDTALYYCVRGYDHSDNNSAASLLHWGRGTLVTVSS,stress_variant
Cand_083,QVQLVQSGAELKKPGASVKVSCKASSYSFTDYNMNWVRQAPGQSLEWMGIIFPKYGTTSYAQKLQGRVTLTTDTSTSTAYMELRSLRSDDTAVYYCATDGGTWYFDVWGTGTTVTVSS,public_therasabdab
Cand_084,QVQLVQSGAEVKKPGASVKLSCKASGYTFISYYIYWVKQAPGQGLEWIGGINPRNGGTNFNEKFKSRATLTVDTSISTAYMELSRLRSEDTAVYYCTRHGNGVYWGQGTTLTVSS,public_therasabdab
Cand_085,EVQLLESGGGLVQPGGSLRLSCAASGFTFSSYAMSWVRQAPGKGLEWVSAISGSGGSTYYADSVKGRFTISRDNSKNTLYLQMNSLRAEDTAVYYCAILGATSLSAFDIWGQGTMVTVSS,public_therasabdab
Cand_086,EVQLLESGGDLVQPGGSLRLSCAASGFTFSNYAMSWVRQAPGKGLEWVSAITPSGGSTNYADSVKGRFTISRDNSQNTLYLQMNSLRVEDTAVYICGRVPYRSTWYPLYWGQGTLVTVSS,public_therasabdab
Cand_087,EVQLVESGAEVKKPGSSVKVSCKASGGTFSSYAISWVRQAPGQGLEWMGGIIPIFGTANYAQKFQGRVTITADESTSTAYMELSSLRSEDTAVYYCARAPYYYYYMDVWGQGTTVTVSS,public_therasabdab
Cand_088,EVQLVESGGGLVQPGGSLRLSCAASGFTFSPFAMHWVRQAPGKGLEWVAKISPGGSWTYYSDTVTDRFTFSLDTSKSTAYLQMNSLRAEDTAVYYCARQAWGYYALDIWGQGTLVTVSS,public_therasabdab
Cand_089,EVQLLESGGGLVQPGGSLRLSCAASGFTFSHYVMAWVRQAPGKGLEWVSSISSSGGWTLYADSVKGRFTISRDNSKNTLYLQMNSLRAEDTAVYYCTRGLKMATIFDYWGQGTLVTVSS,public_therasabdab
Cand_090,EVQLLESGGGSVAPGEFLRLSCVASGFTFSRYKMNWVRQAPGQGLEWVSYISRSGRNIYYADSLVGRITISRDNANNSLYLQMNSLRDEDTAVYYCAGTVTTYYYDFGTDVYGQGTIVTVSS,stress_variant
Cand_091,QVQFVQSGAEVKKPGASVKVSCKQSGYQFTGAYMHWVRQAPGQGLEWMGWINPNSGGTNLAQKFQGRSTMTRDTSISTAYMELSRLRSDDTAVMMWATSPNWYYYDSSGYYYPGAFYIWGQGTMVTVSS,stress_variant
Cand_092,YVQLVQSGSELKKMGASVYVSCKASGYTFTNYGMNWVRQAPGQGLEWMGWINTYQGEPTYADDFTGRFVFSLDTSVSTAYLQIMSLKASDTAVYYCYRQNINYYGINYEGQVMQNWGQGTLVTVSS,stress_variant
Cand_093,EVQLVESGQGLVQPGGSLRLSCAASGFDFSRYWMQYVRQAPGKMLEWIGEINPTSSTINYAPSLYDKFIISRDNAKNSLYLQMNSLRAEDTAVYYCARWDVVYWYLDVWWFGTLVTVSS,stress_variant
Cand_094,QVQLVESYGGLVQPGGSLRLSCAASGMNFRSYASSWVRQTPGKGLEWVSAISGRGDNTYYADSVKGRFTISRINSKNTMVMQMNSLRAEDTAVYFCAMMTSNAFAFDYWGQGTLVTVSS,stress_variant
Cand_095,QVQLKESGPGLVAPSQSLSITCTVSGFSLTDYGVRWIRQPPGKGLEWLGVIWGGGSTYYNSALKSRLSISKDNSKSQVFLKMNSLQTDDTAMYYCAKEKRRGYYYAMDYWGQGTSVTVSS,public_therasabdab
Cand_096,EVQAVESGGGLVQMIGSNRLSCAASGYDTTHSGMNFVRQAPGKGLEWVGWINTYTGEPTYAADFKRRFTWSLDTSKSTAYLVMNSLNAEDTAVYVCAKYPYYYGTSHWYFDVWGVGTLVTVSS,stress_variant
Cand_097,EVQLFESGGGLVQPGGSLRLSCAASIFTNSSYAMSWVRQIPGKGWEWVTQISPAGGYTVYVDSVKGRFTISADTSKNTAYLQMNSLRAEDTAVYYCARGELPYYNMSKVFDMWGQGTFVTVSS,stress_variant
Cand_098,QVQLVQSGSELKKPGASVKVSCKASGYTFTNYGMNWVRQAPGQGLEWMGWINTYTGEPTYADDFTGRFVFSLDTSVSTAYLQISSLKAEDTAVYYCARNPINYYGINYEGYVMDYWGQGTLVTVSS,public_therasabdab
Cand_099,QVQLWQSGAEVAWPGASVKLSCKASGYTFTSYWMQSVKQRPGQGLECTGTIYMWDGDTTYTQIFQGKATLTADKSSSTYYMQLWSLRSLDSAVYYCARYDAPGYAMFYWGQGTYVTVSS,stress_variant
Cand_100,EVQLVQSGAEVKKPGATVKISCKASGFSIKDDYIHWVQQAPGKGLEWMGWIDAMNDDSQYSSKFQGRVTITVDTSTNTAYMKLSSLRSEDTAVYYCTYAFGGYWGQGTTVTVSS,public_therasabdab
